City_ID,City,Lat,Lng,Max Temp,Humidity,Cloudiness,Wind Speed,Country,Date
0,Albany,42.6001,-73.9662,69.58,82,100,1.63,US,2022-09-11 21:26:03
1,Coihaique,-45.5752,-72.0662,49.95,53,100,6.91,CL,2022-09-11 21:32:31
2,Rincon,32.296,-81.2354,85.91,87,86,8.46,US,2022-09-11 21:32:31
3,Hailey,43.5196,-114.3153,83.98,20,0,6.91,US,2022-09-11 21:32:31
4,Vila Velha,-20.3297,-40.2925,71.55,85,100,16.11,BR,2022-09-11 21:32:32
5,Pochutla,15.7432,-96.4661,81.82,77,100,2.17,MX,2022-09-11 21:32:32
6,Lieksa,63.3167,30.0167,51.6,76,100,8.41,FI,2022-09-11 21:32:33
7,Atar,20.5169,-13.0499,97.93,26,34,6.93,MR,2022-09-11 21:32:33
8,Aklavik,68.2191,-135.0107,42.3,86,100,1.77,CA,2022-09-11 21:32:34
9,Busselton,-33.65,115.3333,57.67,87,58,7.85,AU,2022-09-11 21:29:06
10,Arraial Do Cabo,-22.9661,-42.0278,67.96,73,100,8.05,BR,2022-09-11 21:32:34
11,Pimentel,-6.8367,-79.9342,66.49,68,0,21.85,PE,2022-09-11 21:32:35
12,Sao Filipe,14.8961,-24.4956,78.51,81,27,11.14,CV,2022-09-11 21:31:58
13,Cabo San Lucas,22.8909,-109.9124,90.61,70,20,12.66,MX,2022-09-11 21:30:02
14,Kapaa,22.0752,-159.319,84.52,65,20,11.5,US,2022-09-11 21:29:17
15,Alekseyevka,50.6309,38.6903,59.36,30,100,14.61,RU,2022-09-11 21:32:36
16,Barrow,71.2906,-156.7887,35.62,93,100,17.27,US,2022-09-11 21:27:10
17,Karpogory,64.0019,44.4451,45.05,94,99,4.81,RU,2022-09-11 21:32:36
18,Mataura,-46.1927,168.8643,48.47,69,100,1.99,NZ,2022-09-11 21:29:09
19,Bluff,-46.6,168.3333,48.79,68,100,7.99,NZ,2022-09-11 21:30:25
20,Salalah,17.0151,54.0924,78.89,100,75,5.75,OM,2022-09-11 21:32:37
21,Lorengau,-2.0226,147.2712,81.23,79,95,8.01,PG,2022-09-11 21:30:27
22,Kavieng,-2.5744,150.7967,82.6,64,29,14.23,PG,2022-09-11 21:30:31
23,East London,-33.0153,27.9116,61.34,75,100,18.34,ZA,2022-09-11 21:29:10
24,Bethel,41.3712,-73.414,71.91,84,100,4.61,US,2022-09-11 21:30:31
25,Bubaque,11.2833,-15.8333,78.01,85,100,13.58,GW,2022-09-11 21:32:38
26,Punta Arenas,-53.15,-70.9167,46.51,42,40,23.02,CL,2022-09-11 21:27:11
27,Camacupa,-12.0167,17.4833,69.04,20,0,2.86,AO,2022-09-11 21:32:39
28,Wenling,28.3669,121.36,72.19,90,100,9.19,CN,2022-09-11 21:32:39
29,Lompoc,34.6391,-120.4579,89.74,64,40,12.66,US,2022-09-11 21:32:40
30,Katsuura,35.1333,140.3,75.4,88,89,17.78,JP,2022-09-11 21:32:40
31,Kenai,60.5544,-151.2583,53.69,93,100,3.44,US,2022-09-11 21:32:40
32,Atherton,53.5237,-2.4935,65.05,96,100,3.0,GB,2022-09-11 21:32:41
33,Bambous Virieux,-20.3428,57.7575,71.85,73,75,4.61,MU,2022-09-11 21:32:41
34,Saint George,37.1041,-113.5841,96.44,25,0,6.91,US,2022-09-11 21:29:15
35,Leh,34.1667,77.5833,55.62,56,29,6.82,IN,2022-09-11 21:32:42
36,Tuatapere,-46.1333,167.6833,49.68,82,100,5.28,NZ,2022-09-11 21:32:43
37,Chara,56.9064,118.2631,40.01,69,14,0.87,RU,2022-09-11 21:32:43
38,Atuona,-9.8,-139.0333,76.84,69,0,16.87,PF,2022-09-11 21:29:09
39,Camana,-16.6228,-72.7111,60.3,83,58,10.96,PE,2022-09-11 21:32:44
40,Jamestown,42.097,-79.2353,71.19,93,100,5.75,US,2022-09-11 21:28:51
41,New Norfolk,-42.7826,147.0587,42.71,85,55,3.0,AU,2022-09-11 21:32:45
42,Port Hawkesbury,45.6169,-61.3485,69.39,68,0,8.99,CA,2022-09-11 21:32:45
43,Hofn,64.2539,-15.2082,52.41,75,92,16.26,IS,2022-09-11 21:32:46
44,Tagusao,9.1924,117.8141,78.6,82,15,3.8,PH,2022-09-11 21:32:46
45,Pangnirtung,66.1451,-65.7125,42.13,99,100,8.48,CA,2022-09-11 21:32:47
46,Rikitea,-23.1203,-134.9692,72.88,73,4,7.09,PF,2022-09-11 21:29:16
47,Chokurdakh,70.6333,147.9167,39.2,79,100,6.87,RU,2022-09-11 21:30:38
48,Saint-Pierre,-21.3393,55.4781,72.57,59,0,3.44,RE,2022-09-11 21:33:47
49,Saskylakh,71.9167,114.0833,30.04,85,93,6.02,RU,2022-09-11 21:30:28
50,Ponta Do Sol,32.6667,-17.1,77.72,86,100,11.7,PT,2022-09-11 21:31:53
51,Cape Town,-33.9258,18.4232,55.27,66,40,9.22,ZA,2022-09-11 21:26:31
52,Saint-Joseph,-21.3667,55.6167,71.47,78,20,9.33,RE,2022-09-11 21:33:48
53,Tabas,33.5959,56.9244,86.22,23,0,6.91,IR,2022-09-11 21:33:49
54,Asau,46.4333,26.4,56.32,86,34,6.15,RO,2022-09-11 21:30:27
55,Kuznechnoye,61.12,29.8686,46.0,84,5,2.19,RU,2022-09-11 21:33:50
56,Honiara,-9.4333,159.95,83.19,70,8,8.75,SB,2022-09-11 21:33:50
57,Umm Lajj,25.0213,37.2685,86.45,66,4,8.68,SA,2022-09-11 21:32:12
58,Bredasdorp,-34.5322,20.0403,51.19,73,94,4.12,ZA,2022-09-11 21:29:04
59,Kaitong,44.8135,123.15,60.66,80,39,10.0,CN,2022-09-11 21:33:51
60,Jalu,29.0331,21.5482,82.6,42,0,9.19,LY,2022-09-11 21:33:51
61,Inhambane,-23.865,35.3833,69.42,89,0,11.03,MZ,2022-09-11 21:33:52
62,Puerto Colombia,10.9878,-74.9547,86.09,75,100,10.07,CO,2022-09-11 21:33:52
63,Boa Esperanca Do Sul,-21.9925,-48.3908,77.47,48,14,12.17,BR,2022-09-11 21:33:52
64,Poum,-20.2333,164.0167,76.64,79,9,7.49,NC,2022-09-11 21:33:01
65,Vanimo,-2.6741,141.3028,77.36,85,97,3.62,PG,2022-09-11 21:33:53
66,Skjervoy,70.0311,20.9714,49.1,83,100,17.05,NO,2022-09-11 21:33:53
67,Avarua,-21.2078,-159.775,78.85,69,40,12.66,CK,2022-09-11 21:29:05
68,Skeldon,5.8833,-57.1333,78.64,79,56,5.66,GY,2022-09-11 21:33:54
69,Port Alfred,-33.5906,26.891,56.17,85,97,3.0,ZA,2022-09-11 21:29:19
70,Tromso,69.6496,18.957,46.42,87,40,5.75,NO,2022-09-11 21:29:07
71,Purpe,64.4803,76.6897,36.32,78,72,10.13,RU,2022-09-11 21:33:55
72,Leningradskiy,69.3833,178.4167,40.98,75,9,8.37,RU,2022-09-11 21:31:45
73,Oriximina,-1.7656,-55.8661,88.9,37,67,2.51,BR,2022-09-11 21:33:56
74,Puerto Ayora,-0.7393,-90.3518,75.16,86,71,8.01,EC,2022-09-11 21:29:17
75,Ushuaia,-54.8,-68.3,42.46,65,40,17.27,AR,2022-09-11 21:29:07
76,Saint-Philippe,-21.3585,55.7679,65.79,80,37,8.63,RE,2022-09-11 21:30:28
77,Severo-Kurilsk,50.6789,156.125,55.49,87,19,10.67,RU,2022-09-11 21:31:52
78,Loukhi,66.0764,33.0381,49.64,67,100,6.33,RU,2022-09-11 21:33:57
79,Hilo,19.7297,-155.09,87.28,69,0,9.22,US,2022-09-11 21:33:57
80,Kulhudhuffushi,6.6221,73.07,80.17,82,83,14.12,MV,2022-09-11 21:33:58
81,Norman Wells,65.282,-126.8329,57.24,58,75,8.05,CA,2022-09-11 21:29:04
82,Vaini,-21.2,-175.2,78.96,78,20,6.91,TO,2022-09-11 21:30:24
83,Leshukonskoye,64.8989,45.7622,43.88,98,93,5.41,RU,2022-09-11 21:33:59
84,Saint-Francois,46.4154,3.9054,60.67,77,0,0.0,FR,2022-09-11 21:33:59
85,Baruun-Urt,46.6806,113.2792,48.07,83,7,8.72,MN,2022-09-11 21:34:00
86,Kiama,-34.6833,150.8667,55.38,58,45,11.99,AU,2022-09-11 21:32:38
87,Planaltina,-15.4528,-47.6142,77.41,21,41,3.31,BR,2022-09-11 21:34:00
88,Salinopolis,-0.6136,-47.3561,79.27,82,82,10.2,BR,2022-09-11 21:34:01
89,Komarov,49.8065,13.8564,56.52,100,3,3.18,CZ,2022-09-11 21:34:01
90,Nome,64.5011,-165.4064,49.15,93,100,21.85,US,2022-09-11 21:33:00
91,Lebu,-37.6167,-73.65,52.09,78,64,4.14,CL,2022-09-11 21:32:53
92,Narsaq,60.9167,-46.05,46.62,88,76,5.3,GL,2022-09-11 21:30:29
93,Tiksi,71.6872,128.8694,35.19,87,98,15.17,RU,2022-09-11 21:33:03
94,Juba,4.8517,31.5825,70.66,88,15,3.91,SS,2022-09-11 21:35:03
95,Namatanai,-3.6667,152.4333,81.66,63,55,10.87,PG,2022-09-11 21:35:03
96,Klaksvik,62.2266,-6.589,49.12,95,95,4.07,FO,2022-09-11 21:35:04
97,Veraval,20.9,70.3667,79.25,90,100,10.67,IN,2022-09-11 21:35:05
98,Sola,-13.8833,167.55,81.27,78,75,0.0,VU,2022-09-11 21:35:05
99,Butaritari,3.0707,172.7902,82.29,68,96,11.9,KI,2022-09-11 21:29:16
100,Yellowknife,62.456,-114.3525,50.56,66,75,10.36,CA,2022-09-11 21:29:15
101,Torbay,47.6666,-52.7314,59.58,97,100,21.85,CA,2022-09-11 21:35:06
102,Ranibennur,14.6167,75.6167,70.5,88,100,15.84,IN,2022-09-11 21:35:07
103,Tilichiki,60.4667,166.1,45.99,89,100,3.94,RU,2022-09-11 21:31:46
104,Makakilo City,21.3469,-158.0858,84.69,62,0,13.8,US,2022-09-11 21:35:08
105,Georgetown,5.4112,100.3354,79.9,90,20,3.44,MY,2022-09-11 21:26:09
106,Karratha,-20.7377,116.8463,66.96,61,0,2.73,AU,2022-09-11 21:35:08
107,Nenjiang,49.1833,125.2167,54.66,90,99,9.57,CN,2022-09-11 21:35:09
108,Kurya,51.6003,82.2888,53.22,46,65,17.36,RU,2022-09-11 21:35:09
109,Tabuk,17.4189,121.4443,71.37,89,90,3.02,PH,2022-09-11 21:35:10
110,Sao Felix Do Xingu,-6.6447,-51.995,85.75,30,4,0.72,BR,2022-09-11 21:35:10
111,Finnsnes,69.2296,17.9811,48.81,92,100,6.02,NO,2022-09-11 21:35:11
112,Comodoro Rivadavia,-45.8667,-67.5,64.26,36,0,18.41,AR,2022-09-11 21:35:11
113,Beringovskiy,63.05,179.3167,46.78,77,98,16.49,RU,2022-09-11 21:35:12
114,Palu,-0.8917,119.8707,73.35,93,96,2.95,ID,2022-09-11 21:30:23
115,Bengkulu,-3.8004,102.2655,74.28,86,81,4.05,ID,2022-09-11 21:33:08
116,Vila,42.0304,-8.1588,61.7,78,100,3.78,PT,2022-09-11 21:35:12
117,Wuwei,37.9281,102.6414,59.05,47,0,0.72,CN,2022-09-11 21:35:13
118,Provideniya,64.3833,-173.3,44.71,93,100,20.13,RU,2022-09-11 21:29:05
119,Carnarvon,-24.8667,113.6333,64.71,70,78,2.3,AU,2022-09-11 21:30:24
120,Sobolevo,54.4299,31.8996,45.05,96,100,12.48,RU,2022-09-11 21:35:14
121,Chaiya,9.3862,99.1986,81.18,86,100,3.58,TH,2022-09-11 21:35:14
122,Champerico,14.3,-91.9167,88.34,76,57,8.5,GT,2022-09-11 21:35:15
123,Van Buren,35.4368,-94.3483,82.42,35,0,13.8,US,2022-09-11 21:35:16
124,Kismayo,-0.3582,42.5454,75.13,82,73,15.26,SO,2022-09-11 21:35:16
125,Henties Bay,-22.116,14.2845,54.64,92,1,7.7,NA,2022-09-11 21:35:16
126,Laurentides,46.4334,-74.9826,72.99,77,100,3.4,CA,2022-09-11 21:35:17
127,Hervey Bay,-25.2986,152.8535,63.43,56,100,5.84,AU,2022-09-11 21:35:17
128,Mount Pleasant,32.7941,-79.8626,88.3,71,0,9.22,US,2022-09-11 21:35:18
129,Urengoy,65.9667,78.3667,38.03,74,98,11.83,RU,2022-09-11 21:35:18
130,Ribeira Grande,38.5167,-28.7,73.15,79,100,22.17,PT,2022-09-11 21:31:44
131,Guerrero Negro,27.9769,-114.0611,82.62,64,48,10.2,MX,2022-09-11 21:33:02
132,Jardim,-21.4803,-56.1381,82.36,34,0,2.89,BR,2022-09-11 21:35:19
133,Kaeo,-35.1,173.7833,61.32,94,70,15.84,NZ,2022-09-11 21:35:20
134,General Roca,-39.0333,-67.5833,75.61,22,0,22.12,AR,2022-09-11 21:35:20
135,Nioro,13.35,-15.75,75.99,92,84,3.58,GM,2022-09-11 21:35:20
136,Helong,42.5397,128.9972,60.93,95,81,3.15,CN,2022-09-11 21:36:21
137,Umtata,-31.5889,28.7844,53.76,79,100,7.23,ZA,2022-09-11 21:36:22
138,Hobart,-42.8794,147.3294,42.06,75,40,4.61,AU,2022-09-11 21:30:03
139,Bontang,0.1333,117.5,73.98,89,100,4.05,ID,2022-09-11 21:36:22
140,Port Elizabeth,-33.918,25.5701,56.32,96,100,9.22,ZA,2022-09-11 21:29:16
141,Road Town,18.4167,-64.6167,87.89,74,20,6.91,VG,2022-09-11 21:36:23
142,Richards Bay,-28.783,32.0377,66.45,86,100,13.24,ZA,2022-09-11 21:33:13
143,Shenjiamen,29.9576,122.298,76.91,86,100,8.88,CN,2022-09-11 21:36:24
144,Voloshka,61.3314,40.0858,42.8,79,37,3.51,RU,2022-09-11 21:36:24
145,Nilai,2.8169,101.7956,74.88,94,20,0.0,MY,2022-09-11 21:36:25
146,Tra Vinh,9.9347,106.3453,75.96,93,100,1.74,VN,2022-09-11 21:36:25
147,Shellbrook,53.2168,-106.4011,79.83,13,0,8.46,CA,2022-09-11 21:36:26
148,Los Llanos De Aridane,28.6585,-17.9182,71.35,94,0,0.0,ES,2022-09-11 21:36:26
149,Hattiesburg,31.3271,-89.2903,89.92,62,40,5.75,US,2022-09-11 21:36:27
150,Ayagoz,47.9714,80.4392,50.81,51,8,15.32,KZ,2022-09-11 21:36:27
151,Ligayan,4.6533,119.4706,82.02,75,97,6.62,PH,2022-09-11 21:36:28
152,Sharjah,25.3573,55.4033,89.58,74,4,5.75,AE,2022-09-11 21:36:28
153,Iwanai,42.9744,140.5089,65.17,90,98,6.17,JP,2022-09-11 21:36:28
154,Cortez,37.3489,-108.5859,83.93,27,0,8.72,US,2022-09-11 21:36:29
155,Hermanus,-34.4187,19.2345,50.81,65,93,7.36,ZA,2022-09-11 21:24:42
156,Simao,22.7886,100.9748,63.52,100,100,1.12,CN,2022-09-11 21:36:30
157,Lagoa,39.05,-27.9833,72.05,79,100,23.85,PT,2022-09-11 21:34:28
158,Baduria,22.7417,88.7858,78.73,97,100,16.35,IN,2022-09-11 21:36:30
159,Rakaia,-43.75,172.0167,54.37,72,100,3.0,NZ,2022-09-11 21:36:31
160,Grandview,38.8858,-94.533,77.47,40,40,11.5,US,2022-09-11 21:36:22
161,Ambon,-3.6954,128.1814,78.24,15,40,5.75,ID,2022-09-11 21:36:31
162,Byron Bay,-28.65,153.6167,59.94,66,100,3.04,AU,2022-09-11 21:33:20
163,Margate,51.3813,1.3862,65.89,90,100,9.35,GB,2022-09-11 21:33:39
164,Vardo,70.3705,31.1107,44.58,93,100,8.05,NO,2022-09-11 21:36:32
165,Nesbyen,60.5681,9.1027,52.02,87,91,3.53,NO,2022-09-11 21:36:33
166,Dumas,35.8656,-101.9732,69.94,49,0,4.61,US,2022-09-11 21:36:33
167,Castro,-24.7911,-50.0119,56.68,97,99,6.51,BR,2022-09-11 21:33:03
168,Adrar,20.5022,-10.0711,96.24,25,13,5.61,MR,2022-09-11 21:36:34
169,Thompson,55.7435,-97.8558,71.76,35,20,10.36,CA,2022-09-11 21:29:13
170,Wasilla,61.5814,-149.4394,55.49,76,100,10.36,US,2022-09-11 21:35:56
171,Qaanaaq,77.484,-69.3632,37.18,98,100,7.92,GL,2022-09-11 21:30:34
172,Bilibino,68.0546,166.4372,46.69,85,98,2.86,RU,2022-09-11 21:31:58
173,Mount Hagen,-5.8581,144.2274,57.96,100,75,0.0,PG,2022-09-11 21:36:35
174,Hobyo,5.3505,48.5268,76.05,87,66,22.39,SO,2022-09-11 21:36:36
175,Srednekolymsk,67.45,153.6833,41.92,88,100,9.62,RU,2022-09-11 21:36:36
176,Leova,46.4786,28.2553,63.0,74,95,4.92,MD,2022-09-11 21:36:36
177,Bogande,12.9714,-0.1436,79.81,72,41,6.49,BF,2022-09-11 21:36:37
178,Sioux Lookout,50.1001,-91.917,66.27,45,20,10.36,CA,2022-09-11 21:36:37
179,Luderitz,-26.6481,15.1594,58.68,69,56,25.26,NA,2022-09-11 21:33:02
180,Ratnagiri,16.9833,73.3,78.24,95,100,14.79,IN,2022-09-11 21:36:38
181,Antofagasta,-23.65,-70.4,58.28,77,71,9.8,CL,2022-09-11 21:34:51
182,Bilma,18.6853,12.9164,91.62,14,83,7.43,NE,2022-09-11 21:37:39
183,Korla,41.7597,86.1469,79.56,19,99,12.68,CN,2022-09-11 21:37:39
184,Faanui,-16.4833,-151.75,79.14,72,7,16.58,PF,2022-09-11 21:33:06
185,Hutang,31.5333,119.4833,67.1,94,0,4.52,CN,2022-09-11 21:37:40
186,Hithadhoo,-0.6,73.0833,81.66,72,42,14.36,MV,2022-09-11 21:24:35
187,Yar,58.249,52.1026,41.92,94,88,2.91,RU,2022-09-11 21:37:40
188,Da Nang,16.0678,108.2208,75.18,94,40,3.44,VN,2022-09-11 21:37:41
189,Maragogi,-9.0122,-35.2225,73.6,77,70,7.07,BR,2022-09-11 21:37:41
190,Ancud,-41.8697,-73.8203,48.22,86,100,5.75,CL,2022-09-11 21:33:16
191,Tomatlan,19.9333,-105.25,85.71,71,100,7.56,MX,2022-09-11 21:37:42
192,Sarangani,5.4033,125.4636,83.23,72,41,9.15,PH,2022-09-11 21:37:42
193,Kahului,20.8947,-156.47,87.82,66,40,16.11,US,2022-09-11 21:29:03
194,Yumen,40.2833,97.2,61.47,27,0,7.47,CN,2022-09-11 21:33:18
195,Tuktoyaktuk,69.4541,-133.0374,39.2,75,100,0.0,CA,2022-09-11 21:30:36
196,Broken Hill,-31.95,141.4333,51.13,59,1,7.02,AU,2022-09-11 21:30:37
197,Mahebourg,-20.4081,57.7,71.89,73,75,4.61,MU,2022-09-11 21:31:47
198,Kavaratti,10.5669,72.642,80.31,83,100,19.24,IN,2022-09-11 21:37:43
199,Onega,63.9061,38.1404,47.25,77,100,6.42,RU,2022-09-11 21:37:44
200,Dikson,73.5069,80.5464,35.35,99,100,26.4,RU,2022-09-11 21:37:07
201,Bridgetown,13.1,-59.6167,86.49,70,75,12.66,BB,2022-09-11 21:35:16
202,Tamiahua,21.2667,-97.45,85.32,63,14,9.48,MX,2022-09-11 21:37:45
203,Hualmay,-11.0964,-77.6139,63.55,76,22,12.37,PE,2022-09-11 21:37:45
204,Tetiyiv,49.3767,29.6647,57.7,85,99,12.15,UA,2022-09-11 21:37:46
205,Teeli,51.0333,90.2333,52.95,67,100,0.36,RU,2022-09-11 21:37:46
206,Alugan,12.2188,125.4808,77.9,87,87,4.05,PH,2022-09-11 21:37:46
207,Sakaiminato,35.55,133.2333,73.38,100,75,3.44,JP,2022-09-11 21:37:47
208,Beyneu,45.3167,55.2,58.39,31,0,6.87,KZ,2022-09-11 21:37:47
209,Victoria,22.2855,114.1577,85.32,81,6,1.99,HK,2022-09-11 21:34:17
210,Havre-Saint-Pierre,50.2334,-63.5986,62.96,82,0,5.75,CA,2022-09-11 21:37:48
211,Melfi,40.9965,15.6514,64.65,77,30,2.39,IT,2022-09-11 21:37:48
212,Poronaysk,49.2167,143.1167,57.74,86,100,4.29,RU,2022-09-11 21:37:49
213,Ostrovnoy,68.0531,39.5131,47.98,95,100,6.13,RU,2022-09-11 21:34:32
214,Khatanga,71.9667,102.5,30.49,82,81,5.7,RU,2022-09-11 21:37:02
215,Fortuna,40.5982,-124.1573,68.94,85,0,8.05,US,2022-09-11 21:35:44
216,Necochea,-38.5473,-58.7368,54.82,56,56,6.85,AR,2022-09-11 21:37:50
217,Ilebo,-4.3167,20.5833,71.69,96,96,3.13,CD,2022-09-11 21:37:50
218,Tornio,65.8481,24.1466,50.02,88,98,9.62,FI,2022-09-11 21:37:50
219,Ilulissat,69.2167,-51.1,48.22,76,100,12.66,GL,2022-09-11 21:30:25
220,Yerbogachen,61.2767,108.0108,37.31,93,43,3.53,RU,2022-09-11 21:37:51
221,Morristown,36.214,-83.2949,82.45,69,40,6.91,US,2022-09-11 21:34:01
222,Aljezur,37.3191,-8.8033,68.92,87,99,8.34,PT,2022-09-11 21:37:52
223,Ust-Nera,64.5667,143.2,34.57,79,78,5.5,RU,2022-09-11 21:37:52
224,Cape Coast,5.1053,-1.2466,74.41,90,24,12.82,GH,2022-09-11 21:37:53
225,Berdigestyakh,62.0989,126.6992,37.49,92,98,3.74,RU,2022-09-11 21:37:53
226,Port Hedland,-20.3167,118.5667,60.85,94,0,4.61,AU,2022-09-11 21:37:53
227,Mayor Pablo Lagerenza,-19.9309,-60.7718,88.95,27,13,5.3,PY,2022-09-11 21:37:54
228,Sokoni,-6.4333,39.55,75.2,79,4,14.88,TZ,2022-09-11 21:37:54
229,Andapa,-14.65,49.65,60.24,99,79,1.88,MG,2022-09-11 21:37:55
230,San Rafael Del Sur,11.8485,-86.4384,74.37,80,94,5.03,NI,2022-09-11 21:37:55
231,Gimli,50.6336,-96.9907,75.22,33,0,11.5,CA,2022-09-11 21:38:55
232,Troy,42.6056,-83.1499,78.67,72,0,4.61,US,2022-09-11 21:38:56
233,Gizo,-8.103,156.8419,82.94,69,4,8.63,SB,2022-09-11 21:38:56
234,Fort Nelson,58.8053,-122.7002,62.19,45,75,4.61,CA,2022-09-11 21:29:44
235,Lac Du Bonnet,50.2536,-96.0612,75.81,21,0,9.04,CA,2022-09-11 21:38:57
236,Dunedin,-45.8742,170.5036,47.8,86,100,3.69,NZ,2022-09-11 21:35:41
237,Ola,59.5833,151.2833,50.29,67,16,3.15,RU,2022-09-11 21:38:58
238,Belgrade,44.804,20.4651,63.34,75,20,6.91,RS,2022-09-11 21:37:43
239,Angoche,-16.2325,39.9086,72.84,81,0,5.68,MZ,2022-09-11 21:38:58
240,Woodward,36.4337,-99.3904,78.96,32,0,4.61,US,2022-09-11 21:38:59
241,Ahipara,-35.1667,173.1667,60.24,91,23,18.32,NZ,2022-09-11 21:34:25
242,Vostok,46.4856,135.8833,57.85,78,99,2.26,RU,2022-09-11 21:39:00
243,Sakakah,29.9697,40.2064,94.57,17,3,5.61,SA,2022-09-11 21:39:00
244,Hanyang,32.1371,105.5126,62.82,92,29,3.0,CN,2022-09-11 21:39:00
245,Ginir,7.1333,40.7,59.47,82,60,4.88,ET,2022-09-11 21:39:01
246,Vestmanna,62.1564,-7.1664,47.32,100,100,9.22,FO,2022-09-11 21:39:01
247,Severnyy,50.677,36.5532,53.64,54,0,11.18,RU,2022-09-11 21:39:02
248,Buraydah,26.326,43.975,88.25,10,0,5.23,SA,2022-09-11 21:34:36
249,Verkhoyansk,67.5447,133.385,38.21,91,100,3.42,RU,2022-09-11 21:31:50
250,Stephenville,32.2207,-98.2023,83.25,49,0,8.05,US,2022-09-11 21:39:03
251,Marzuq,14.4,46.4667,81.93,47,82,6.42,YE,2022-09-11 21:39:03
252,Yar-Sale,66.8333,70.8333,45.07,84,100,14.97,RU,2022-09-11 21:39:04
253,Port Lincoln,-34.7333,135.8667,52.5,87,57,4.0,AU,2022-09-11 21:30:44
254,Sur,22.5667,59.5289,86.81,57,74,8.66,OM,2022-09-11 21:31:54
255,Biak,-0.9131,122.8766,73.94,86,94,4.43,ID,2022-09-11 21:33:20
256,Souillac,-20.5167,57.5167,71.98,73,75,4.61,MU,2022-09-11 21:36:58
257,Ust-Ilimsk,58.0006,102.6619,45.14,89,100,3.4,RU,2022-09-11 21:39:05
258,Lavrentiya,65.5833,-171.0,46.04,73,100,19.46,RU,2022-09-11 21:39:06
259,Touros,-5.1989,-35.4608,77.36,77,70,17.4,BR,2022-09-11 21:39:06
260,Rzhyshchiv,49.9689,31.0463,55.54,95,79,8.97,UA,2022-09-11 21:39:07
261,Sa Kaeo,13.75,102.3333,73.76,97,95,5.5,TH,2022-09-11 21:39:07
262,Ust-Tsilma,65.441,52.1498,43.61,96,99,4.74,RU,2022-09-11 21:39:08
263,Banda Aceh,5.5577,95.3222,78.96,80,100,5.59,ID,2022-09-11 21:39:08
264,Havoysund,70.9963,24.6622,43.03,96,100,15.21,NO,2022-09-11 21:31:57
265,Saint-Augustin,51.226,-58.6502,58.33,71,0,9.26,CA,2022-09-11 21:34:36
266,Kamina,-8.7386,24.9906,67.87,72,35,5.32,CD,2022-09-11 21:39:09
267,Broome,42.2506,-75.833,67.69,87,100,9.22,US,2022-09-11 21:37:12
268,Oussouye,12.485,-16.5469,78.19,90,100,6.11,SN,2022-09-11 21:39:10
269,Kodiak,57.79,-152.4072,58.51,63,75,12.66,US,2022-09-11 21:30:21
270,Tazovskiy,67.4667,78.7,39.61,90,100,17.81,RU,2022-09-11 21:39:11
271,Codrington,-38.2667,141.9667,48.45,79,100,9.37,AU,2022-09-11 21:31:56
272,Taos,36.4072,-105.5731,79.2,40,0,9.22,US,2022-09-11 21:37:03
273,Charlottetown,46.2352,-63.1267,68.56,63,40,9.22,CA,2022-09-11 21:38:04
274,Cherskiy,68.75,161.3,41.27,82,99,5.88,RU,2022-09-11 21:35:41
275,Paamiut,61.994,-49.6678,42.96,94,100,16.49,GL,2022-09-11 21:40:12
276,Warmbad,-28.45,18.7333,54.63,57,93,11.88,NA,2022-09-11 21:40:13
277,Hambantota,6.1241,81.1185,73.74,100,20,8.05,LK,2022-09-11 21:34:32
278,Villa Sandino,12.0483,-84.9936,78.17,92,100,10.13,NI,2022-09-11 21:40:13
279,Rock Sound,24.9,-76.2,84.25,70,0,6.49,BS,2022-09-11 21:40:14
280,Marrakesh,31.6315,-8.0083,82.47,61,75,10.36,MA,2022-09-11 21:40:14
281,Ardesen,41.1911,40.9875,75.94,48,0,3.2,TR,2022-09-11 21:40:15
282,Turukhansk,65.8167,87.9833,30.6,80,15,1.16,RU,2022-09-11 21:31:59
283,Nikolskoye,59.7035,30.7861,49.87,82,100,4.07,RU,2022-09-11 21:30:33
284,Mar Del Plata,-38.0023,-57.5575,53.94,79,0,18.01,AR,2022-09-11 21:36:10
285,Rovaniemi,66.5,25.7167,49.41,93,75,8.05,FI,2022-09-11 21:40:16
286,Tasiilaq,65.6145,-37.6368,39.36,76,100,8.97,GL,2022-09-11 21:30:22
287,Boa Viagem,-5.1275,-39.7322,84.79,32,97,1.83,BR,2022-09-11 21:40:17
288,Goroka,-6.0834,145.3873,63.68,80,88,0.67,PG,2022-09-11 21:40:17
289,Pangody,65.85,74.4859,43.11,83,100,13.8,RU,2022-09-11 21:40:18
290,Sungaipenuh,-2.0833,101.3833,63.55,94,94,1.88,ID,2022-09-11 21:40:18
291,Dhenkanal,20.6667,85.6,77.27,93,98,8.5,IN,2022-09-11 21:40:19
292,Williams Lake,52.1415,-122.1445,80.06,35,75,3.44,CA,2022-09-11 21:40:19
293,Mokhsogollokh,61.4681,128.9203,37.4,83,97,2.01,RU,2022-09-11 21:40:20
294,Rosario,-32.9468,-60.6393,63.95,29,0,10.36,AR,2022-09-11 21:40:21
295,Zhigalovo,54.8097,105.1578,41.56,81,93,3.53,RU,2022-09-11 21:40:21
296,Pavilosta,56.8879,21.1859,48.11,79,0,6.69,LV,2022-09-11 21:40:21
297,Pisco,-13.7,-76.2167,66.25,68,9,24.16,PE,2022-09-11 21:31:48
298,Nyurba,63.2842,118.3319,38.16,97,100,4.21,RU,2022-09-11 21:40:22
299,Labuhan,-6.8844,112.2051,77.63,84,27,5.68,ID,2022-09-11 21:34:34
300,Caravelas,-17.7125,-39.2481,70.36,76,4,4.52,BR,2022-09-11 21:40:23
301,Nantucket,41.2835,-70.0995,80.65,60,0,10.36,US,2022-09-11 21:40:24
302,Gat,31.61,34.7642,75.88,73,0,0.63,IL,2022-09-11 21:40:24
303,San Patricio,28.017,-97.5169,93.15,39,34,8.79,US,2022-09-11 21:40:25
304,Bathsheba,13.2167,-59.5167,86.61,70,75,12.66,BB,2022-09-11 21:30:39
305,Acaponeta,22.4964,-105.3594,87.66,76,94,5.55,MX,2022-09-11 21:40:25
306,Amapa,1.0,-52.0,80.06,63,68,2.66,BR,2022-09-11 21:30:35
307,Orange Cove,36.6244,-119.3137,95.61,35,0,3.44,US,2022-09-11 21:40:26
308,Vacha,55.8008,42.7706,43.66,69,100,5.99,RU,2022-09-11 21:40:26
309,Boo,59.3333,18.2833,50.99,93,8,0.0,SE,2022-09-11 21:40:27
310,Tres Arroyos,-38.3739,-60.2798,56.91,35,99,7.56,AR,2022-09-11 21:40:27
311,Meulaboh,4.1363,96.1285,75.83,89,100,4.81,ID,2022-09-11 21:40:27
312,Tiznit,29.5833,-9.5,74.79,62,10,3.09,MA,2022-09-11 21:40:28
313,Kaduna,10.5222,7.4383,70.16,96,100,3.36,NG,2022-09-11 21:40:28
314,Zalantun,48.0,122.7167,58.1,86,95,5.48,CN,2022-09-11 21:40:29
315,Aranos,-24.1333,19.1167,65.97,21,22,16.82,NA,2022-09-11 21:40:29
316,Tigil,57.8,158.6667,51.82,74,33,21.39,RU,2022-09-11 21:40:30
317,Sterling,39.0062,-77.4286,81.14,81,75,5.99,US,2022-09-11 21:40:30
318,Wonthaggi,-38.6044,145.5913,46.81,68,67,15.21,AU,2022-09-11 21:40:30
319,Dzhebariki-Khaya,62.2167,135.8,36.43,82,100,4.61,RU,2022-09-11 21:40:31
320,Tautira,-17.7333,-149.15,78.48,69,18,17.29,PF,2022-09-11 21:40:31
321,Kachug,53.9606,105.8817,40.75,68,98,2.77,RU,2022-09-11 21:41:32
322,Port Moresby,-9.4431,147.1797,78.22,94,40,3.44,PG,2022-09-11 21:41:32
323,Iqaluit,63.7506,-68.5145,46.13,81,75,11.5,CA,2022-09-11 21:30:13
324,Camara De Lobos,32.6333,-16.9667,77.72,82,75,19.57,PT,2022-09-11 21:41:33
325,Cabedelo,-6.9811,-34.8339,75.87,80,82,12.01,BR,2022-09-11 21:41:34
326,Aykhal,66.0,111.5,33.28,99,100,3.18,RU,2022-09-11 21:41:34
327,Eureka,40.8021,-124.1637,69.21,86,99,1.99,US,2022-09-11 21:41:34
328,De-Kastri,51.4667,140.7833,59.74,91,100,3.96,RU,2022-09-11 21:41:35
329,Wawa,9.9022,4.4192,72.19,94,55,2.82,NG,2022-09-11 21:41:36
330,Fairbanks,64.8378,-147.7164,57.54,59,75,6.91,US,2022-09-11 21:28:36
331,Manitouwadge,49.1215,-85.8403,66.54,50,100,2.77,CA,2022-09-11 21:41:36
332,Vila Do Maio,15.1333,-23.2167,79.66,79,4,15.61,CV,2022-09-11 21:41:37
333,Tapes,-30.6733,-51.3958,53.96,76,68,8.55,BR,2022-09-11 21:41:37
334,Saldanha,-33.0117,17.9442,48.25,72,1,17.72,ZA,2022-09-11 21:35:40
335,Kushmurun,52.4503,64.6311,44.51,65,14,6.8,KZ,2022-09-11 21:41:38
336,Blacksburg,37.2296,-80.4139,76.98,95,0,0.0,US,2022-09-11 21:41:25
337,Vysokogornyy,50.1167,139.15,58.26,82,99,1.68,RU,2022-09-11 21:41:38
338,Vestmannaeyjar,63.4427,-20.2734,50.52,82,0,16.55,IS,2022-09-11 21:31:54
339,Shingu,33.7333,135.9833,76.53,87,99,7.34,JP,2022-09-11 21:41:39
340,Fort Oglethorpe,34.949,-85.2569,81.1,89,75,5.75,US,2022-09-11 21:41:39
341,Waingapu,-9.6567,120.2641,74.68,84,29,6.35,ID,2022-09-11 21:41:40
342,Peniche,39.3558,-9.3811,72.09,90,100,8.1,PT,2022-09-11 21:41:40
343,Harper,4.375,-7.7169,75.18,86,98,7.85,LR,2022-09-11 21:41:41
344,Longyearbyen,78.2186,15.6401,35.44,87,75,10.36,SJ,2022-09-11 21:38:00
345,Roma,43.2128,-75.4557,69.94,78,100,0.0,US,2022-09-11 21:36:02
346,Grand Gaube,-20.0064,57.6608,72.0,74,40,4.0,MU,2022-09-11 21:41:41
347,Nalut,30.3333,10.85,87.78,21,62,5.26,LY,2022-09-11 21:41:42
348,Isangel,-19.55,169.2667,80.71,78,20,6.91,VU,2022-09-11 21:41:42
349,Havelock,34.8791,-76.9013,87.78,86,69,3.0,US,2022-09-11 21:41:43
350,Omsukchan,62.5333,155.8,41.61,77,63,5.5,RU,2022-09-11 21:41:43
351,Manacapuru,-3.2997,-60.6206,87.46,45,0,4.29,BR,2022-09-11 21:38:08
352,Pevek,69.7008,170.3133,41.18,71,60,5.77,RU,2022-09-11 21:35:38
353,Onguday,50.75,86.15,48.24,77,100,5.84,RU,2022-09-11 21:41:44
354,Cranbrook,49.4999,-115.7688,69.64,28,75,3.44,CA,2022-09-11 21:37:11
355,Teya,60.3778,92.6267,43.83,92,100,1.23,RU,2022-09-11 21:41:45
356,Menongue,-14.6585,17.691,61.84,21,4,2.33,AO,2022-09-11 21:41:45
357,Tecoanapa,16.5167,-98.75,79.07,88,100,10.56,MX,2022-09-11 21:41:46
358,Sisophon,13.5859,102.9737,74.86,91,98,4.27,KH,2022-09-11 21:41:46
359,Alvorada,-12.48,-49.1247,90.21,18,73,1.39,BR,2022-09-11 21:41:46
360,Upernavik,72.7868,-56.1549,40.24,95,100,25.12,GL,2022-09-11 21:33:15
361,Desaguadero,-16.5656,-69.0417,56.57,38,2,14.65,PE,2022-09-11 21:41:47
362,Cidreira,-30.1811,-50.2056,55.04,72,51,11.18,BR,2022-09-11 21:31:49
363,Westport,41.1415,-73.3579,75.24,81,100,3.44,US,2022-09-11 21:29:51
364,Ortakoy,38.7373,34.0387,62.85,26,0,3.33,TR,2022-09-11 21:41:48
365,Tual,-5.6667,132.75,80.33,83,34,14.18,ID,2022-09-11 21:42:48
366,Airai,-8.9266,125.4092,56.66,61,78,2.68,TL,2022-09-11 21:34:37
367,Zhangye,38.9342,100.4517,65.01,30,1,6.98,CN,2022-09-11 21:42:49
368,San Jose,37.3394,-121.895,91.6,47,75,12.66,US,2022-09-11 21:40:54
369,Jumla,29.2747,82.1838,59.65,95,100,1.3,NP,2022-09-11 21:42:50
370,Hoa Binh,20.8133,105.3383,74.86,95,100,2.8,VN,2022-09-11 21:42:50
371,Kutahya,39.4242,29.9833,64.53,71,0,2.3,TR,2022-09-11 21:42:51
372,Chapais,49.7834,-74.8492,71.38,73,100,6.24,CA,2022-09-11 21:42:51
373,Vao,-22.6667,167.4833,71.8,85,33,9.64,NC,2022-09-11 21:42:51
374,Dondo,-19.6094,34.7431,67.78,93,0,5.14,MZ,2022-09-11 21:42:52
375,Maumere,-8.6199,122.2111,77.63,83,61,5.53,ID,2022-09-11 21:42:52
376,Naantali,60.4674,22.0243,53.11,93,5,2.3,FI,2022-09-11 21:42:53
377,Mossendjo,-2.9506,12.7261,70.61,84,78,3.89,CG,2022-09-11 21:42:53
378,Tessalit,20.1986,1.0114,96.1,16,40,8.5,ML,2022-09-11 21:42:54
379,Oneonta,42.4529,-75.0638,66.11,93,100,3.38,US,2022-09-11 21:42:54
380,Solnechnyy,50.7214,136.6319,54.55,96,100,1.88,RU,2022-09-11 21:42:54
381,Baykit,61.67,96.37,41.81,98,99,2.89,RU,2022-09-11 21:42:55
382,Sibu,2.3,111.8167,73.71,94,40,2.3,MY,2022-09-11 21:42:55
383,Goya,-29.14,-59.2626,59.56,49,0,7.05,AR,2022-09-11 21:42:56
384,Prince Rupert,54.3161,-130.3201,60.89,70,0,10.36,CA,2022-09-11 21:42:56
385,Norton Shores,43.1689,-86.2639,68.18,82,100,12.66,US,2022-09-11 21:42:56
386,Saint-Lo,49.1162,-1.0903,61.23,72,5,5.28,FR,2022-09-11 21:42:57
387,Shubarkuduk,49.1447,56.4872,48.79,49,0,3.83,KZ,2022-09-11 21:42:57
388,Clyde River,70.4692,-68.5914,39.43,100,100,4.61,CA,2022-09-11 21:41:12
389,Dharchula,29.85,80.5333,67.01,87,43,3.31,IN,2022-09-11 21:42:58
390,Sawakin,19.1059,37.3321,87.12,68,7,4.94,SD,2022-09-11 21:42:58
391,Amos,48.5669,-78.1162,66.18,88,100,7.31,CA,2022-09-11 21:42:42
392,Rio Grande,-32.035,-52.0986,55.51,73,79,9.35,BR,2022-09-11 21:42:59
393,Popondetta,-8.7537,148.2534,73.18,98,100,3.85,PG,2022-09-11 21:42:59
394,Mount Gambier,-37.8333,140.7667,45.39,88,100,4.76,AU,2022-09-11 21:43:00
395,Carmarthen,51.8555,-4.3054,66.92,77,75,12.66,GB,2022-09-11 21:43:00
396,Port Augusta,-32.5,137.7667,51.57,70,38,7.31,AU,2022-09-11 21:37:06
397,Erie,42.7667,-78.6664,70.61,89,100,5.57,US,2022-09-11 21:39:51
398,Hami,42.8,93.45,78.28,18,0,6.4,CN,2022-09-11 21:37:13
399,Kupang,-10.1667,123.5833,74.52,88,81,6.96,ID,2022-09-11 21:43:01
400,Mosjoen,65.836,13.1908,46.67,93,40,2.3,NO,2022-09-11 21:43:02
401,Sangmelima,2.9333,11.9833,66.07,100,40,2.55,CM,2022-09-11 21:43:02
402,Deniliquin,-35.5333,144.9667,48.81,84,100,4.47,AU,2022-09-11 21:43:02
403,Kasama,-10.2129,31.1808,71.1,40,94,5.88,ZM,2022-09-11 21:40:06
404,Bud,39.447,-86.1758,75.34,88,80,10.85,US,2022-09-11 21:43:03
405,Lyuban,52.7985,28.0048,49.96,97,100,9.93,BY,2022-09-11 21:43:04
406,Nemuro,43.3236,145.575,64.36,84,39,7.36,JP,2022-09-11 21:43:05
407,Mehamn,71.0357,27.8492,42.75,93,75,2.3,NO,2022-09-11 21:34:35
408,Nuuk,64.1835,-51.7216,48.81,71,75,32.21,GL,2022-09-11 21:43:05
409,Tura,25.5198,90.2201,72.21,96,100,5.48,IN,2022-09-11 21:43:06
410,Fukuma,33.7667,130.4667,78.15,86,99,5.23,JP,2022-09-11 21:43:06
411,Laguna,38.421,-121.4238,95.34,25,0,6.91,US,2022-09-11 21:43:07
412,Flin Flon,54.7682,-101.865,73.24,25,20,8.05,CA,2022-09-11 21:44:07
413,Ucluelet,48.9329,-125.5528,67.08,78,52,1.01,CA,2022-09-11 21:44:07
414,Nouakchott,18.0858,-15.9785,81.82,75,19,8.34,MR,2022-09-11 21:42:43
415,Tafresh,34.692,50.013,64.87,46,0,7.54,IR,2022-09-11 21:44:08
416,Kununurra,-15.7667,128.7333,71.58,88,75,4.61,AU,2022-09-11 21:44:09
417,Yakeshi,49.2833,120.7333,53.55,84,94,7.36,CN,2022-09-11 21:44:09
418,Otane,-39.8833,176.6333,52.02,87,100,2.57,NZ,2022-09-11 21:44:10
419,Talnakh,69.4865,88.3972,38.21,94,100,8.88,RU,2022-09-11 21:44:10
420,Sijunjung,-0.6876,100.9537,70.3,96,100,1.07,ID,2022-09-11 21:44:11
421,Mount Isa,-20.7333,139.5,62.37,72,40,4.61,AU,2022-09-11 21:44:11
422,Palatka,29.6486,-81.6376,90.03,56,85,2.64,US,2022-09-11 21:44:12
423,Cap Malheureux,-19.9842,57.6142,67.46,75,31,5.01,MU,2022-09-11 21:44:12
424,Fairmont,39.4851,-80.1426,81.52,78,100,4.52,US,2022-09-11 21:44:13
425,Sinnamary,5.3833,-52.95,79.83,81,89,7.96,GF,2022-09-11 21:44:14
426,Lure,47.75,6.5,52.97,100,9,2.3,FR,2022-09-11 21:44:14
427,Hoquiam,46.9809,-123.8893,69.3,72,100,5.75,US,2022-09-11 21:44:14
428,Port Blair,11.6667,92.75,80.73,80,99,9.89,IN,2022-09-11 21:44:15
429,Atambua,-9.1061,124.8925,69.57,84,97,4.59,ID,2022-09-11 21:44:15
430,Conde,-7.2597,-34.9075,74.66,88,20,10.36,BR,2022-09-11 21:44:16
431,Camalu,30.85,-116.0667,77.13,77,18,8.48,MX,2022-09-11 21:44:16
432,Udachnyy,66.4167,112.4,34.45,69,100,10.16,RU,2022-09-11 21:44:17
433,San Quintin,30.4833,-115.95,77.59,76,3,10.94,MX,2022-09-11 21:44:17
434,Chuy,-33.6971,-53.4616,48.47,85,73,7.58,UY,2022-09-11 21:44:18
435,Saucillo,28.0167,-105.2833,87.28,25,44,14.47,MX,2022-09-11 21:44:18
436,Pingliang,35.5392,106.6861,56.61,93,7,3.04,CN,2022-09-11 21:44:19
437,Odweyne,9.4092,45.064,72.25,68,27,12.77,SO,2022-09-11 21:44:19
438,Soure,-0.7167,-48.5233,80.42,77,67,13.29,BR,2022-09-11 21:44:19
439,Roberval,48.5168,-72.2324,82.35,65,75,3.44,CA,2022-09-11 21:44:20
440,Beihai,21.4833,109.1,79.36,82,48,7.43,CN,2022-09-11 21:44:20
441,Chhindwara,22.0667,78.9333,71.02,97,100,3.53,IN,2022-09-11 21:44:21
442,Cockburn Town,21.4612,-71.1419,85.96,70,40,9.22,TC,2022-09-11 21:44:21
443,Lazaro Cardenas,17.9583,-102.2,82.53,79,100,6.31,MX,2022-09-11 21:44:22
444,Villa Hayes,-25.0931,-57.5236,77.52,23,0,2.3,PY,2022-09-11 21:44:22
445,Temirtau,50.0544,72.9483,47.57,82,100,14.85,KZ,2022-09-11 21:44:23
446,Palana,59.1167,159.9667,44.98,92,100,17.0,RU,2022-09-11 21:44:23
447,Xai-Xai,-25.0519,33.6442,68.65,68,0,2.48,MZ,2022-09-11 21:44:23
448,Sampit,-2.5333,112.95,72.5,99,95,0.83,ID,2022-09-11 21:44:24
449,Haines Junction,60.7522,-137.5108,55.35,44,48,2.3,CA,2022-09-11 21:44:24
450,San Cristobal,7.7669,-72.225,82.58,62,54,4.74,VE,2022-09-11 21:31:11
451,Mgandu,-5.95,34.1333,66.24,56,60,7.96,TZ,2022-09-11 21:44:25
452,Songea,-10.6833,35.65,61.29,64,0,1.54,TZ,2022-09-11 21:44:25
453,Hasaki,35.7333,140.8333,73.8,87,93,17.87,JP,2022-09-11 21:44:26
454,Anadyr,64.75,177.4833,45.1,81,40,8.95,RU,2022-09-11 21:44:26
455,Lata,40.1629,-8.3327,72.07,82,95,5.1,PT,2022-09-11 21:44:26
456,Disna,55.568,28.1971,46.71,97,100,9.24,BY,2022-09-11 21:44:27
457,Acapulco,16.8634,-99.8901,85.82,74,100,9.22,MX,2022-09-11 21:44:27
458,Miles City,46.4083,-105.8406,81.57,19,0,3.44,US,2022-09-11 21:44:28
459,Moron,-34.6534,-58.6198,60.69,54,100,5.66,AR,2022-09-11 21:44:28
460,Kaitangata,-46.2817,169.8464,49.8,65,100,3.83,NZ,2022-09-11 21:45:28
461,Sabang,5.8933,95.3214,81.55,73,100,9.01,ID,2022-09-11 21:45:29
462,Farsund,58.0948,6.8047,60.94,100,100,4.72,NO,2022-09-11 21:45:29
463,Guanica,17.9716,-66.908,86.13,84,100,8.43,PR,2022-09-11 21:45:30
464,Presidencia Roque Saenz Pena,-26.7852,-60.4388,65.46,27,8,6.42,AR,2022-09-11 21:45:30
465,Estelle,29.8458,-90.1067,90.0,53,0,4.61,US,2022-09-11 21:45:30
466,Yanji,42.9075,129.5078,61.75,97,95,0.29,CN,2022-09-11 21:45:31
467,Kruisfontein,-34.0033,24.7314,53.89,79,100,10.49,ZA,2022-09-11 21:45:31
468,Kungurtug,50.5994,97.5228,46.11,63,44,3.11,RU,2022-09-11 21:45:32
469,Marawi,7.9986,124.2928,68.25,91,97,3.56,PH,2022-09-11 21:37:10
470,Chulman,56.8479,124.9104,34.61,80,73,1.3,RU,2022-09-11 21:45:32
471,Rio Gallegos,-51.6226,-69.2181,51.85,24,40,23.02,AR,2022-09-11 21:41:46
472,Kathmandu,27.7167,85.3167,70.02,94,75,3.44,NP,2022-09-11 21:43:35
473,Balaipungut,1.05,101.2833,72.72,98,96,1.23,ID,2022-09-11 21:45:33
474,Kamra,33.7473,73.5111,67.95,81,64,7.14,PK,2022-09-11 21:45:34
475,Kawalu,-7.3817,108.2082,71.26,96,92,1.25,ID,2022-09-11 21:45:34
476,Altagracia De Orituco,9.8601,-66.3814,78.87,77,78,2.53,VE,2022-09-11 21:45:35
477,Zhicheng,30.2956,111.5047,69.12,89,16,3.98,CN,2022-09-11 21:45:35
478,Esperance,-33.8667,121.9,61.2,56,50,18.28,AU,2022-09-11 21:45:35
479,Northam,51.0333,-4.2167,64.38,90,100,8.37,GB,2022-09-11 21:45:36
480,Shache,38.4167,77.2406,77.72,17,98,6.02,CN,2022-09-11 21:45:36
481,Yudong,29.385,106.5194,78.49,73,2,2.01,CN,2022-09-11 21:45:37
482,Boende,-0.2167,20.8667,69.19,99,75,1.95,CD,2022-09-11 21:45:37
483,Praya,14.9215,-23.5087,78.67,81,12,10.92,CV,2022-09-11 21:42:51
484,Moree,-29.4667,149.85,51.82,87,98,8.05,AU,2022-09-11 21:45:38
485,Mahibadhoo,3.7833,72.9667,81.41,77,20,13.78,MV,2022-09-11 21:45:38
486,Mareeba,-17.0,145.4333,73.49,95,23,3.51,AU,2022-09-11 21:45:39
487,Vuktyl,63.8567,57.3094,39.74,96,88,4.07,RU,2022-09-11 21:45:39
488,Raga,8.4596,25.678,70.47,97,86,3.85,SS,2022-09-11 21:45:40
489,Tarnos,43.5417,-1.4628,80.55,60,0,8.05,FR,2022-09-11 21:45:40
490,Naze,28.3667,129.4833,77.92,84,99,16.49,JP,2022-09-11 21:45:40
491,Sitka,57.0531,-135.33,59.52,61,100,7.02,US,2022-09-11 21:45:41
492,La Ronge,55.1001,-105.2842,73.62,26,100,8.05,CA,2022-09-11 21:45:41
493,Vanino,49.0869,140.2543,57.61,91,100,0.4,RU,2022-09-11 21:45:42
494,Okhotsk,59.3833,143.3,45.14,55,8,16.13,RU,2022-09-11 21:45:42
495,Wanaka,-44.7,169.15,50.11,74,100,3.0,NZ,2022-09-11 21:45:43
496,Samarai,-10.6167,150.6667,81.16,80,69,8.95,PG,2022-09-11 21:45:43
497,Zhigansk,66.7697,123.3711,32.76,91,31,7.99,RU,2022-09-11 21:45:44
498,Boa Vista,2.8197,-60.6733,87.78,71,40,10.36,BR,2022-09-11 21:44:02
499,Mizdah,31.4451,12.9801,78.06,52,6,6.35,LY,2022-09-11 21:45:44
500,Narasannapeta,18.4167,84.05,80.29,84,100,17.81,IN,2022-09-11 21:45:45
501,Laurel,39.0993,-76.8483,80.11,94,75,4.61,US,2022-09-11 21:43:32
502,Baghdad,33.3406,44.4009,89.51,27,0,4.61,IQ,2022-09-11 21:45:45
503,Traralgon,-38.1833,146.5333,46.42,92,92,5.77,AU,2022-09-11 21:45:46
504,Joshimath,30.5667,79.5667,66.49,93,83,0.27,IN,2022-09-11 21:45:46
505,Santa Isabel Do Rio Negro,-0.4139,-65.0192,82.72,72,78,3.2,BR,2022-09-11 21:45:47
506,Iranshahr,27.2025,60.6848,89.94,11,0,9.22,IR,2022-09-11 21:45:47
507,Berezovyy,51.6667,135.7,52.88,99,100,2.37,RU,2022-09-11 21:45:48
508,Whitehorse,60.7161,-135.0538,57.09,35,20,5.75,CA,2022-09-11 21:46:48
509,Plettenberg Bay,-34.0527,23.3716,52.88,84,97,8.77,ZA,2022-09-11 21:46:48
510,Bergerac,44.8333,0.5,61.02,82,0,3.44,FR,2022-09-11 21:46:49
511,Le Robert,14.6775,-60.9392,84.25,48,11,10.36,MQ,2022-09-11 21:46:49
512,Thomasville,35.8826,-80.082,83.41,79,92,4.0,US,2022-09-11 21:42:07
513,Mangaluru,12.8667,74.8833,77.86,94,75,13.8,IN,2022-09-11 21:46:50
514,Dakar,14.6937,-17.4441,81.59,76,72,10.63,SN,2022-09-11 21:46:51
515,Yeppoon,-23.1333,150.7333,58.78,60,5,1.36,AU,2022-09-11 21:46:14
516,Buchanan,5.8808,-10.0467,76.66,87,87,10.29,LR,2022-09-11 21:37:07
517,Alta Floresta,-9.8756,-56.0861,86.63,23,22,2.66,BR,2022-09-11 21:46:51
518,Mandalgovi,45.7625,106.2708,55.65,64,38,7.34,MN,2022-09-11 21:46:52
519,Belaya Gora,68.5333,146.4167,42.28,79,100,6.35,RU,2022-09-11 21:46:52
520,Saint-Georges,12.0564,-61.7485,85.68,74,20,16.11,GD,2022-09-11 21:44:38
521,Grobina,56.5352,21.1678,47.98,81,0,3.44,LV,2022-09-11 21:46:53
522,Palora,-1.7,-77.9333,81.07,53,59,2.59,EC,2022-09-11 21:46:53
523,Nanortalik,60.1432,-45.2371,43.18,94,57,7.67,GL,2022-09-11 21:46:54
524,Port Hardy,50.6996,-127.4199,64.58,72,75,8.05,CA,2022-09-11 21:46:54
525,Kulu,39.0951,33.0799,71.98,31,0,3.31,TR,2022-09-11 21:46:55
526,Hamilton,39.1834,-84.5333,79.5,84,100,5.75,US,2022-09-11 21:45:32
527,Chornobayivka,46.6941,32.5537,61.77,70,79,5.01,UA,2022-09-11 21:46:56
528,Boskovice,49.4875,16.66,56.37,85,21,6.91,CZ,2022-09-11 21:46:56
529,Nha Trang,12.25,109.1833,75.2,87,100,3.38,VN,2022-09-11 21:45:03
530,Constitucion,-35.3333,-72.4167,52.84,72,86,2.08,CL,2022-09-11 21:46:57
531,Pasighat,28.0667,95.3333,72.97,88,2,2.62,IN,2022-09-11 21:46:57
532,Yeniseysk,58.4497,92.1703,42.12,95,100,2.44,RU,2022-09-11 21:46:57
533,Shahr-E Babak,30.1165,55.1186,72.0,40,51,7.47,IR,2022-09-11 21:46:58
534,Ossora,59.2353,163.0719,51.19,77,99,6.53,RU,2022-09-11 21:46:58
535,Aksu,41.1231,80.2644,74.34,18,100,2.95,CN,2022-09-11 21:46:59
536,Quelimane,-17.8786,36.8883,71.42,84,1,6.62,MZ,2022-09-11 21:46:59
537,Abu Samrah,35.3029,37.1841,75.47,48,0,6.17,SY,2022-09-11 21:46:59
538,Pierre,44.3683,-100.351,79.86,28,0,4.0,US,2022-09-11 21:47:00
539,Svetlogorsk,52.6333,29.7333,49.33,97,100,12.95,BY,2022-09-11 21:47:00
540,Marau,-28.4492,-52.2,66.15,75,76,5.19,BR,2022-09-11 21:47:01
541,Altus,34.6381,-99.334,78.98,34,0,10.36,US,2022-09-11 21:47:01
542,Rawson,-43.3002,-65.1023,59.67,43,32,10.42,AR,2022-09-11 21:47:02
543,Komsomolskiy,40.4272,71.7189,65.12,39,66,6.91,UZ,2022-09-11 21:47:02
544,Niono,14.2526,-5.993,81.82,71,12,8.48,ML,2022-09-11 21:47:03
545,Salekhard,66.53,66.6019,43.47,85,88,12.21,RU,2022-09-11 21:47:03
546,Guerrero,17.6667,-100.0,70.95,94,100,1.88,MX,2022-09-11 21:47:04
547,Sedro-Woolley,48.5039,-122.2361,87.76,44,0,1.01,US,2022-09-11 21:47:04
548,Avera,33.194,-82.5271,83.55,77,100,9.71,US,2022-09-11 21:47:05
549,Topolobampo,25.6,-109.05,88.09,58,0,14.03,MX,2022-09-11 21:47:05
550,Borba,-4.3878,-59.5939,91.89,31,33,1.7,BR,2022-09-11 21:47:06
551,Kirakira,-10.4544,161.9205,82.51,74,10,9.53,SB,2022-09-11 21:47:06
552,Gashua,12.871,11.0482,83.37,57,27,5.84,NG,2022-09-11 21:47:06
553,Oranjemund,-28.55,16.4333,54.95,79,78,22.41,NA,2022-09-11 21:47:07
554,Sanbu,33.4594,119.1453,64.45,96,0,5.39,CN,2022-09-11 21:48:07
555,Gornoye Loo,43.7129,39.6049,65.98,59,0,5.57,RU,2022-09-11 21:48:08
556,Padang,-0.9492,100.3543,75.6,81,100,3.94,ID,2022-09-11 21:48:08
557,Batagay-Alyta,67.8006,130.4114,34.65,58,100,3.02,RU,2022-09-11 21:48:09
558,Jijiga,9.35,42.8,63.09,89,100,10.58,ET,2022-09-11 21:48:09
559,Okha,53.5739,142.9478,49.19,69,100,6.4,RU,2022-09-11 21:48:10
560,Preobrazheniye,42.9019,133.9064,63.07,76,100,2.1,RU,2022-09-11 21:48:10
561,Qaqortoq,60.7167,-46.0333,45.03,91,58,4.38,GL,2022-09-11 21:48:11
562,Coquimbo,-29.9533,-71.3436,60.53,55,20,10.36,CL,2022-09-11 21:48:11
563,Hovd,48.0056,91.6419,60.69,35,81,6.6,MN,2022-09-11 21:48:11
564,Aracuai,-16.8497,-42.0703,82.72,33,6,13.06,BR,2022-09-11 21:48:12
565,Blackfoot,43.1905,-112.345,84.54,6,0,8.14,US,2022-09-11 21:46:01
566,Puerto Narino,-3.7703,-70.3831,79.03,91,46,1.39,CO,2022-09-11 21:48:12
567,Herran,7.5061,-72.4833,71.8,90,81,0.89,CO,2022-09-11 21:48:13
568,Aswan,24.0934,32.907,90.7,18,0,8.05,EG,2022-09-11 21:48:14
569,Palauig,15.435,119.9045,79.18,81,94,1.3,PH,2022-09-11 21:48:14
570,Oudtshoorn,-33.5907,22.2014,46.76,87,95,4.5,ZA,2022-09-11 21:44:05
571,Raudeberg,61.9875,5.1352,56.07,39,100,12.17,NO,2022-09-11 21:48:15
572,Agadez,19.75,10.25,87.04,13,0,10.18,NE,2022-09-11 21:48:15
573,Kollo,13.3043,2.339,84.79,59,55,8.25,NE,2022-09-11 21:48:16
574,Kimbe,-5.5502,150.1429,79.57,84,86,2.3,PG,2022-09-11 21:48:16
575,Bekhtery,46.251,32.2927,61.3,93,1,6.8,UA,2022-09-11 21:48:17
576,Mitu,1.1983,-70.1733,79.27,78,89,0.85,CO,2022-09-11 21:48:17
577,Pacific Grove,36.6177,-121.9166,86.45,70,20,11.5,US,2022-09-11 21:45:53
578,Seoul,37.5683,126.9778,67.44,97,75,2.3,KR,2022-09-11 21:48:18
